"system_name","from_package_name","from_version","from_package_release_date","to_package_name","actual_requirement","to_version","to_package_release_date","prev_from_version","prev_to_version","valid_ttu"
"NPM","@dojo/interop","4.0.0","2018-10-15 17:27:00","dojo","1.13.0","1.13.0","2017-09-26 21:20:02",NULL,NULL,NULL
"NPM","@dojo/interop","5.0.0","2019-01-28 17:20:09","dojo","1.13.0","1.13.0","2017-09-26 21:20:02","4.0.0","1.13.0",NULL
"NPM","@dojo/interop","6.0.0","2019-08-26 08:12:36","dojo","1.13.0","1.13.0","2017-09-26 21:20:02","5.0.0","1.13.0",NULL
"NPM","@dojo/interop","6.0.2","2019-12-11 16:12:40","dojo","1.13.0","1.13.0","2017-09-26 21:20:02","6.0.0","1.13.0",NULL
"NPM","@dojo/interop","7.0.0","2020-05-27 12:30:15","dojo","1.13.0","1.13.0","2017-09-26 21:20:02","6.0.2","1.13.0",NULL
"NPM","dijit","1.10.0","2016-03-03 15:38:58","dojo","1.10.0","1.10.0","2014-06-22 20:13:01",NULL,NULL,NULL
"NPM","dijit","1.10.1","2016-03-03 15:39:17","dojo","1.10.1","1.10.1","2014-09-12 19:11:15","1.10.0","1.10.0","537 days 20:28:02"
"NPM","dijit","1.10.2","2016-03-03 15:40:24","dojo","1.10.2","1.10.2","2014-10-19 22:18:58","1.10.1","1.10.1","500 days 17:21:26"
"NPM","dijit","1.10.3","2016-03-03 15:40:38","dojo","1.10.3","1.10.3","2015-03-16 23:48:25","1.10.2","1.10.2","352 days 15:52:13"
"NPM","dijit","1.10.4","2016-03-03 15:40:50","dojo","1.10.4","1.10.4","2015-03-16 23:48:39","1.10.3","1.10.3","352 days 15:52:11"
"NPM","dijit","1.11.0","2016-03-21 07:04:17","dojo","1.11.0","1.11.0","2016-03-21 07:03:15","1.10.4","1.10.4","-00:01:25"
"NPM","dijit","1.11.1","2016-04-01 15:26:57","dojo","1.11.1","1.11.1","2016-04-01 15:24:44","1.11.0","1.11.0","00:02:13"
"NPM","dijit","1.11.2","2016-06-10 09:32:01","dojo","1.11.2","1.11.2","2016-06-10 09:27:48","1.11.1","1.11.1","00:04:13"
"NPM","dijit","1.11.3","2016-12-19 21:36:58","dojo","1.11.3","1.11.3","2016-12-19 21:33:43","1.11.2","1.11.2","00:03:15"
"NPM","dijit","1.12.1","2016-12-20 21:35:16","dojo","1.12.1","1.12.1","2016-12-20 21:33:21","1.11.3","1.11.3","-74 days -19:42:00"
"NPM","dijit","1.12.2","2017-03-05 17:21:09","dojo","1.12.2","1.12.2","2017-03-05 17:17:54","1.12.1","1.12.1","00:03:15"
"NPM","dijit","1.12.3","2017-09-26 20:55:35","dojo","1.12.3","1.12.3","2017-09-26 20:55:19","1.12.2","1.12.2","00:00:16"
"NPM","dijit","1.13.0","2017-09-26 21:20:57","dojo","1.13.0","1.13.0","2017-09-26 21:20:02","1.12.3","1.12.3","-320 days -07:28:14"
"NPM","dijit","1.14.0","2018-08-11 23:35:54","dojo","1.14.0","1.14.0","2018-08-11 23:27:45","1.13.0","1.13.0","-1 days -05:00:39"
"NPM","dijit","1.14.1","2018-08-30 23:56:58","dojo","1.14.1","1.14.1","2018-08-30 23:56:34","1.14.0","1.14.0","00:00:24"
"NPM","dijit","1.14.2","2018-10-01 23:02:16","dojo","1.14.2","1.14.2","2018-10-01 23:00:58","1.14.1","1.14.1","00:01:18"
"NPM","dijit","1.15.0","2019-02-16 12:18:43","dojo","1.15.0","1.15.0","2019-02-16 12:16:43","1.14.2","1.14.2","-00:36:51"
"NPM","dijit","1.15.1","2019-11-29 15:40:43","dojo","1.15.1","1.15.1","2019-11-29 15:38:28","1.15.0","1.15.0","00:02:15"
"NPM","dijit","1.16.0","2019-11-29 16:23:43","dojo","1.16.0","1.16.0","2019-11-29 16:19:00","1.15.1","1.15.1","-74 days -23:33:08"
"NPM","dijit","1.16.1","2020-02-12 15:59:31","dojo","1.16.1","1.16.1","2020-02-12 15:59:15","1.16.0","1.16.0","00:00:16"
"NPM","dijit","1.16.2","2020-03-10 15:27:37","dojo","1.16.2","1.16.2","2020-03-10 15:26:02","1.16.1","1.16.1","00:01:35"
"NPM","dijit","1.16.3","2020-06-13 12:31:38","dojo","1.16.3","1.16.3","2020-06-13 12:31:04","1.16.2","1.16.2","00:00:34"
"NPM","dijit","1.16.4","2021-03-21 12:31:17","dojo","1.16.4","1.16.4","2021-03-21 12:30:05","1.16.3","1.16.3","00:01:12"
"NPM","dijit","1.16.5","2022-02-20 13:52:01","dojo","1.16.5","1.16.5","2022-02-20 13:51:16","1.16.4","1.16.4","00:00:45"
"NPM","dijit","1.17.0","2022-02-20 14:36:17","dojo","1.17.0","1.17.0","2022-02-20 14:33:09","1.16.5","1.16.5","711 days 23:18:26"
"NPM","dijit","1.17.1","2022-03-07 17:48:05","dojo","1.17.1","1.17.1","2022-03-07 17:47:31","1.17.0","1.17.0","00:00:34"
"NPM","dijit","1.17.2","2022-03-20 13:13:05","dojo","1.17.2","1.17.2","2022-03-20 13:12:26","1.17.1","1.17.1","00:00:39"
"NPM","dijit","1.17.3","2022-08-13 13:37:56","dojo","1.17.3","1.17.3","2022-08-13 13:37:12","1.17.2","1.17.2","00:00:44"
"NPM","intern","3.0.0","2015-07-29 21:27:10","dojo","2.0.0-alpha.6","2.0.0-alpha.6","2015-06-05 04:06:30",NULL,NULL,NULL
"NPM","@arcgis/webpack-plugin","4.17.1","2020-10-08 21:04:10","dojo","^1.16.3","1.16.3","2020-06-13 12:31:04",NULL,NULL,NULL
"NPM","@arcgis/webpack-plugin","4.17.2","2020-10-08 21:11:26","dojo","^1.16.3","1.16.3","2020-06-13 12:31:04","4.17.1","1.16.3",NULL
"NPM","@arcgis/webpack-plugin","4.17.3","2020-10-09 22:09:44","dojo","^1.16.3","1.16.3","2020-06-13 12:31:04","4.17.2","1.16.3",NULL
"NPM","@arcgis/webpack-plugin","4.17.4","2020-10-14 15:24:53","dojo","^1.16.3","1.16.3","2020-06-13 12:31:04","4.17.3","1.16.3",NULL
"NPM","@arcgis/webpack-plugin","4.17.5","2020-10-21 20:12:12","dojo","^1.16.3","1.16.3","2020-06-13 12:31:04","4.17.4","1.16.3",NULL
"NPM","@entryscape/rdforms","9.5.2","2019-10-22 07:35:35","dojo","^1.14.2","1.16.0","2019-11-29 16:19:00",NULL,NULL,NULL
"NPM","@entryscape/rdforms","9.5.3","2019-12-06 14:46:17","dojo","^1.14.2","1.16.0","2019-11-29 16:19:00","9.5.2","1.16.0",NULL
"NPM","@entryscape/rdforms","9.5.4","2020-02-12 10:49:43","dojo","^1.14.2","1.16.0","2019-11-29 16:19:00","9.5.3","1.16.0",NULL
"NPM","@entryscape/rdforms","9.5.5","2020-02-12 11:07:32","dojo","^1.14.2","1.16.1","2020-02-12 15:59:15","9.5.4","1.16.0","-04:51:43"
"NPM","@entryscape/rdforms","9.5.6","2020-02-18 11:21:07","dojo","^1.14.2","1.16.1","2020-02-12 15:59:15","9.5.5","1.16.1",NULL
"NPM","@entryscape/rdforms","9.5.7","2020-02-26 09:36:18","dojo","^1.14.2","1.16.1","2020-02-12 15:59:15","9.5.6","1.16.1",NULL
"NPM","@entryscape/rdforms","9.5.8","2020-02-26 10:28:56","dojo","^1.14.2","1.16.1","2020-02-12 15:59:15","9.5.7","1.16.1",NULL
"NPM","@entryscape/rdforms","9.5.9","2020-02-26 11:01:03","dojo","^1.14.2","1.16.1","2020-02-12 15:59:15","9.5.8","1.16.1",NULL
"NPM","@entryscape/rdforms","9.5.10","2020-02-26 15:00:12","dojo","^1.14.2","1.16.2","2020-03-10 15:26:02","9.5.9","1.16.1","-13 days -00:25:50"
"NPM","@entryscape/rdforms","9.5.11","2020-04-05 09:25:55","dojo","^1.14.2","1.16.2","2020-03-10 15:26:02","9.5.10","1.16.2",NULL
"NPM","@entryscape/rdforms","9.5.12","2020-04-09 05:54:26","dojo","^1.14.2","1.16.3","2020-06-13 12:31:04","9.5.11","1.16.2","-65 days -06:36:38"
"NPM","@entryscape/rdforms","9.5.14","2020-06-17 15:09:10","dojo","^1.14.2","1.16.3","2020-06-13 12:31:04","9.5.12","1.16.3",NULL
"NPM","@entryscape/rdforms","9.5.15","2020-09-13 11:40:23","dojo","^1.14.2","1.16.3","2020-06-13 12:31:04","9.5.14","1.16.3",NULL
"NPM","@gmod/jbrowse","1.12.4","2018-02-14 17:50:52","dojo","^1.12.2","1.13.0","2017-09-26 21:20:02",NULL,NULL,NULL
"NPM","@gmod/jbrowse","1.12.5","2018-02-28 20:28:17","dojo","^1.12.2","1.13.0","2017-09-26 21:20:02","1.12.4","1.13.0",NULL
"NPM","@hpcc-js/dgrid-shim","0.0.2","2017-06-19 13:13:51","dojo","^1.12.2","1.12.2","2017-03-05 17:17:54",NULL,NULL,NULL
"NPM","@hpcc-js/dgrid-shim","0.0.4","2017-06-19 13:36:00","dojo","^1.12.2","1.12.2","2017-03-05 17:17:54","0.0.2","1.12.2",NULL
"NPM","@hpcc-js/dgrid-shim","0.0.5","2017-06-19 13:37:54","dojo","^1.12.2","1.12.2","2017-03-05 17:17:54","0.0.4","1.12.2",NULL
"NPM","@hpcc-js/dgrid-shim","0.0.6","2017-06-20 12:32:02","dojo","^1.12.2","1.12.2","2017-03-05 17:17:54","0.0.5","1.12.2",NULL
"NPM","@hpcc-js/dgrid-shim","0.0.8","2017-06-20 13:02:06","dojo","^1.12.2","1.12.2","2017-03-05 17:17:54","0.0.6","1.12.2",NULL
"NPM","@hpcc-js/dgrid-shim","0.0.10","2017-06-20 13:35:20","dojo","^1.12.2","1.12.2","2017-03-05 17:17:54","0.0.8","1.12.2",NULL
"NPM","@hpcc-js/dgrid-shim","0.0.25","2017-06-20 13:41:30","dojo","^1.12.2","1.12.2","2017-03-05 17:17:54","0.0.10","1.12.2",NULL
"NPM","@hpcc-js/dgrid-shim","0.0.26","2017-06-23 10:27:58","dojo","^1.12.2","1.12.2","2017-03-05 17:17:54","0.0.25","1.12.2",NULL
"NPM","@hpcc-js/dgrid-shim","0.0.27","2017-06-23 10:30:53","dojo","^1.12.2","1.12.2","2017-03-05 17:17:54","0.0.26","1.12.2",NULL
"NPM","@hpcc-js/dgrid-shim","0.0.28","2017-06-23 19:51:15","dojo","^1.12.2","1.12.2","2017-03-05 17:17:54","0.0.27","1.12.2",NULL
"NPM","@hpcc-js/dgrid-shim","0.0.29","2017-07-28 07:57:47","dojo","~1.12.2","1.12.2","2017-03-05 17:17:54","0.0.28","1.12.2",NULL
"NPM","@hpcc-js/dgrid-shim","0.0.30","2017-07-28 07:59:47","dojo","~1.12.2","1.12.2","2017-03-05 17:17:54","0.0.29","1.12.2",NULL
"NPM","@hpcc-js/dgrid-shim","0.0.31","2017-07-29 09:48:45","dojo","~1.12.2","1.12.2","2017-03-05 17:17:54","0.0.30","1.12.2",NULL
"NPM","@hpcc-js/dgrid-shim","0.0.32","2017-07-29 09:50:17","dojo","~1.12.2","1.12.2","2017-03-05 17:17:54","0.0.31","1.12.2",NULL
"NPM","@hpcc-js/dgrid-shim","0.1.10","2018-07-30 08:30:37","dojo","1.13.0","1.13.0","2017-09-26 21:20:02","0.0.32","1.12.2","306 days 11:35:18"
"NPM","@hpcc-js/dgrid-shim","0.1.11","2018-07-30 16:09:49","dojo","1.13.0","1.13.0","2017-09-26 21:20:02","0.1.10","1.13.0",NULL
"NPM","@hpcc-js/dgrid-shim","0.1.12","2018-08-10 16:20:17","dojo","1.13.0","1.13.0","2017-09-26 21:20:02","0.1.11","1.13.0",NULL
"NPM","@implab/core","1.0.4","2018-08-18 22:58:09","dojo","^1.10.0","1.14.2","2018-10-01 23:00:58",NULL,NULL,NULL
"NPM","@implab/core","1.1.0","2018-11-13 13:56:12","dojo","^1.10.0","1.14.2","2018-10-01 23:00:58","1.0.4","1.14.2",NULL
"NPM","@implab/core","1.1.1","2018-11-14 03:35:25","dojo","^1.10.0","1.14.2","2018-10-01 23:00:58","1.1.0","1.14.2",NULL
"NPM","delite","0.9.0","2019-12-13 14:33:02","dojo","^1.15.0","1.16.0","2019-11-29 16:19:00",NULL,NULL,NULL
"NPM","delite","0.9.1","2020-01-24 11:54:58","dojo","^1.16.0","1.16.0","2019-11-29 16:19:00","0.9.0","1.16.0",NULL
"NPM","delite","0.9.2","2020-01-29 13:09:55","dojo","^1.16.0","1.16.1","2020-02-12 15:59:15","0.9.1","1.16.0","-14 days -02:49:20"
"NPM","delite","0.9.3","2020-02-16 01:42:36","dojo","^1.16.0","1.16.1","2020-02-12 15:59:15","0.9.2","1.16.1",NULL
"NPM","delite","0.9.4","2020-02-17 10:20:06","dojo","^1.16.0","1.16.2","2020-03-10 15:26:02","0.9.3","1.16.1","-22 days -05:05:56"
"NPM","delite","0.9.5","2020-03-19 08:24:32","dojo","^1.16.2","1.16.2","2020-03-10 15:26:02","0.9.4","1.16.2",NULL
"NPM","delite","0.9.6","2020-04-15 17:32:02","dojo","^1.16.2","1.16.2","2020-03-10 15:26:02","0.9.5","1.16.2",NULL
"NPM","deliteful","0.9.0","2019-12-14 05:41:06","dojo","^1.15.0","1.16.0","2019-11-29 16:19:00",NULL,NULL,NULL
"NPM","deliteful","0.9.1","2020-01-24 12:01:06","dojo","^1.15.0","1.16.0","2019-11-29 16:19:00","0.9.0","1.16.0",NULL
"NPM","deliteful","0.9.2","2020-01-29 13:11:59","dojo","^1.15.0","1.16.0","2019-11-29 16:19:00","0.9.1","1.16.0",NULL
"NPM","deliteful","0.9.3","2020-01-30 13:39:02","dojo","^1.15.0","1.16.0","2019-11-29 16:19:00","0.9.2","1.16.0",NULL
"NPM","deliteful","0.9.4","2020-02-03 05:51:03","dojo","^1.15.0","1.16.1","2020-02-12 15:59:15","0.9.3","1.16.0","-9 days -10:08:12"
"NPM","deliteful","0.9.5","2020-02-16 23:00:47","dojo","^1.15.0","1.16.2","2020-03-10 15:26:02","0.9.4","1.16.1","-22 days -16:25:15"
"NPM","deliteful","0.9.6","2020-03-19 08:28:08","dojo","^1.16.2","1.16.2","2020-03-10 15:26:02","0.9.5","1.16.2",NULL
"NPM","deliteful","0.9.7","2020-04-14 11:41:10","dojo","^1.16.2","1.16.2","2020-03-10 15:26:02","0.9.6","1.16.2",NULL
"NPM","deliteful","0.9.8","2020-05-01 00:55:04","dojo","^1.16.2","1.16.2","2020-03-10 15:26:02","0.9.7","1.16.2",NULL
"NPM","deliteful","0.10.0","2020-05-18 06:15:14","dojo","^1.16.2","1.16.2","2020-03-10 15:26:02","0.9.8","1.16.2",NULL
"NPM","deliteful","0.10.1","2020-05-26 05:15:11","dojo","^1.16.2","1.16.3","2020-06-13 12:31:04","0.10.0","1.16.2","-18 days -07:15:53"
"NPM","deliteful","0.10.2","2020-07-02 23:52:55","dojo","^1.10.0","1.16.3","2020-06-13 12:31:04","0.10.1","1.16.3",NULL
"NPM","deliteful","0.10.3","2020-09-28 01:06:39","dojo","^1.10.0","1.16.3","2020-06-13 12:31:04","0.10.2","1.16.3",NULL
"NPM","deliteful","0.10.4","2020-10-13 02:32:51","dojo","^1.10.0","1.16.3","2020-06-13 12:31:04","0.10.3","1.16.3",NULL
"NPM","deliteful","0.10.5","2020-10-20 10:08:12","dojo","^1.10.0","1.16.3","2020-06-13 12:31:04","0.10.4","1.16.3",NULL
"NPM","deliteful","0.10.6","2020-12-15 05:44:45","dojo","^1.10.0","1.17.3","2022-08-13 13:37:12","0.10.5","1.16.3","-96 days -06:45:20"
"NPM","dojo-build","0.0.1","2015-07-11 10:35:56","dojo","^1.10.4","1.17.3","2022-08-13 13:37:12",NULL,NULL,NULL
"NPM","dojo-dmodel","0.1.0","2016-12-09 16:41:22","dojo","^1.8.6","1.17.3","2022-08-13 13:37:12",NULL,NULL,NULL
"NPM","dojo-dstore","1.1.0","2015-04-24 18:05:15","dojo","^1.9.0","1.11.1","2016-04-01 15:24:44",NULL,NULL,NULL
"NPM","dojo-dstore","1.1.1","2016-04-29 17:24:58","dojo","^1.9.0","1.12.2","2017-03-05 17:17:54","1.1.0","1.11.1","-41 days -16:02:50"
"NPM","dojo-dstore","1.1.2","2017-06-30 19:12:33","dojo","^1.9.0","1.16.0","2019-11-29 16:19:00","1.1.1","1.12.2","-88 days -01:42:46"
"NPM","dojo-dstore","1.2.0","2020-01-10 16:37:49","dojo","^1.9.0","1.16.2","2020-03-10 15:26:02","1.1.2","1.16.0","-32 days -23:21:26"
"NPM","dojo-dstore","1.2.1","2020-04-16 17:34:25","dojo","^1.9.0","1.17.3","2022-08-13 13:37:12","1.2.0","1.16.2","-57 days -18:56:39"
"NPM","dojo-node","4.0.0","2014-06-08 14:31:41","dojo","^1.9.3","1.10.4","2015-03-16 23:48:39",NULL,NULL,NULL
"NPM","dojo-node","4.1.0","2015-04-06 16:11:10","dojo","1.10","1.10.10","2018-08-13 05:13:51","4.0.0","1.10.4","-349 days -14:54:32"
"NPM","dojo-rql","0.1.0","2016-10-10 09:56:05","dojo","1.11.2","1.11.2","2016-06-10 09:27:48",NULL,NULL,NULL
"NPM","dojo-rql","0.1.1","2016-10-11 07:40:08","dojo","1.11.2","1.11.2","2016-06-10 09:27:48","0.1.0","1.11.2",NULL
"NPM","dojo-rql","0.1.3","2016-10-11 08:19:40","dojo","1.11.2","1.11.2","2016-06-10 09:27:48","0.1.1","1.11.2",NULL
"NPM","dojo-rql","0.1.4","2016-11-03 08:27:01","dojo","1.11.2","1.11.2","2016-06-10 09:27:48","0.1.3","1.11.2",NULL
"NPM","dojo-rql","0.1.6","2016-11-17 09:11:29","dojo","1.11.2","1.11.2","2016-06-10 09:27:48","0.1.4","1.11.2",NULL
"NPM","dojo-rql","0.1.7","2016-11-24 08:52:37","dojo","1.11.2","1.11.2","2016-06-10 09:27:48","0.1.6","1.11.2",NULL
"NPM","dojo-rql","0.1.8","2016-11-26 08:50:19","dojo","1.11.2","1.11.2","2016-06-10 09:27:48","0.1.7","1.11.2",NULL
"NPM","dojo-rql","0.2.0","2016-12-07 08:12:34","dojo","1.11.2","1.11.2","2016-06-10 09:27:48","0.1.8","1.11.2",NULL
"NPM","dojo-rql","0.2.1","2016-12-07 08:30:32","dojo","1.11.2","1.11.2","2016-06-10 09:27:48","0.2.0","1.11.2",NULL
"NPM","dojo-rql","0.2.2","2016-12-16 09:14:21","dojo","1.11.2","1.11.2","2016-06-10 09:27:48","0.2.1","1.11.2",NULL
"NPM","dojo-rql","0.2.3","2017-01-21 09:54:47","dojo","1.11.2","1.11.2","2016-06-10 09:27:48","0.2.2","1.11.2",NULL
"NPM","dojo-rql","0.3.0","2017-01-27 16:09:34","dojo","1.11.2","1.11.2","2016-06-10 09:27:48","0.2.3","1.11.2",NULL
"NPM","dojo-rql","0.3.1","2017-11-08 13:52:22","dojo","1.11.2","1.11.2","2016-06-10 09:27:48","0.3.0","1.11.2",NULL
"NPM","dojo-rql","0.3.2","2018-04-24 08:33:14","dojo","1.11.2","1.11.2","2016-06-10 09:27:48","0.3.1","1.11.2",NULL
"NPM","dojo-webpack-plugin-sample","2.8.18","2021-06-11 20:43:53","dojo","1.16.3","1.16.3","2020-06-13 12:31:04",NULL,NULL,NULL
"NPM","dojox","1.10.3","2016-03-04 08:48:33","dojo","1.10.3","1.10.3","2015-03-16 23:48:25",NULL,NULL,NULL
"NPM","dojox","1.11.0","2016-03-21 07:17:26","dojo","1.11.0","1.11.0","2016-03-21 07:03:15","1.10.3","1.10.3","370 days 07:28:47"
"NPM","dojox","1.11.1","2016-04-01 16:30:43","dojo","1.11.1","1.11.1","2016-04-01 15:24:44","1.11.0","1.11.0","01:05:59"
"NPM","dojox","1.11.2","2016-06-10 09:38:05","dojo","1.11.2","1.11.2","2016-06-10 09:27:48","1.11.1","1.11.1","00:10:17"
"NPM","dojox","1.11.3","2016-12-19 22:46:09","dojo","1.11.3","1.11.3","2016-12-19 21:33:43","1.11.2","1.11.2","01:12:26"
"NPM","dojox","1.12.1","2016-12-20 21:43:22","dojo","1.12.1","1.12.1","2016-12-20 21:33:21","1.11.3","1.11.3","-74 days -19:33:54"
"NPM","dojox","1.12.2","2017-03-05 17:29:53","dojo","1.12.2","1.12.2","2017-03-05 17:17:54","1.12.1","1.12.1","00:11:59"
"NPM","dojox","1.12.3","2017-09-26 20:56:30","dojo","1.12.3","1.12.3","2017-09-26 20:55:19","1.12.2","1.12.2","00:01:11"
"NPM","dojox","1.13.0","2017-09-26 21:22:16","dojo","1.13.0","1.13.0","2017-09-26 21:20:02","1.12.3","1.12.3","-320 days -07:26:55"
"NPM","dojox","1.14.0","2018-08-11 23:45:36","dojo","1.14.0","1.14.0","2018-08-11 23:27:45","1.13.0","1.13.0","-1 days -04:50:57"
"NPM","dojox","1.14.1","2018-08-30 23:59:23","dojo","1.14.1","1.14.1","2018-08-30 23:56:34","1.14.0","1.14.0","00:02:49"
"NPM","dojox","1.14.2","2018-10-01 23:06:30","dojo","1.14.2","1.14.2","2018-10-01 23:00:58","1.14.1","1.14.1","00:05:32"
"NPM","dojox","1.15.0","2019-02-16 12:47:38","dojo","1.15.0","1.15.0","2019-02-16 12:16:43","1.14.2","1.14.2","-00:07:56"
"NPM","dojox","1.15.1","2019-11-29 16:07:07","dojo","1.15.1","1.15.1","2019-11-29 15:38:28","1.15.0","1.15.0","00:28:39"
"NPM","intern","3.0.1","2015-09-02 04:22:46","dojo","2.0.0-alpha.6","2.0.0-alpha.6","2015-06-05 04:06:30","3.0.0","2.0.0-alpha.6",NULL
"NPM","intern","3.0.2","2015-09-10 07:59:43","dojo","2.0.0-alpha.6","2.0.0-alpha.6","2015-06-05 04:06:30","3.0.1","2.0.0-alpha.6",NULL
"NPM","intern","3.0.3","2015-09-14 20:20:41","dojo","2.0.0-alpha.6","2.0.0-alpha.6","2015-06-05 04:06:30","3.0.2","2.0.0-alpha.6",NULL
"NPM","intern","3.0.4","2015-09-25 07:27:53","dojo","2.0.0-alpha.6","2.0.0-alpha.6","2015-06-05 04:06:30","3.0.3","2.0.0-alpha.6",NULL
"NPM","intern","3.0.5","2015-09-29 01:51:26","dojo","2.0.0-alpha.6","2.0.0-alpha.6","2015-06-05 04:06:30","3.0.4","2.0.0-alpha.6",NULL
"NPM","intern","3.0.6","2015-10-01 04:45:36","dojo","2.0.0-alpha.6","2.0.0-alpha.6","2015-06-05 04:06:30","3.0.5","2.0.0-alpha.6",NULL
"NPM","intern","3.1.0","2016-04-01 19:49:32","dojo","2.0.0-alpha.7","2.0.0-alpha.7","2016-04-01 15:06:54","3.0.6","2.0.0-alpha.6","04:42:38"
"NPM","intern","3.1.1","2016-04-05 14:25:50","dojo","2.0.0-alpha.7","2.0.0-alpha.7","2016-04-01 15:06:54","3.1.0","2.0.0-alpha.7",NULL
"NPM","intern","3.2.0","2016-05-06 20:07:16","dojo","2.0.0-alpha.7","2.0.0-alpha.7","2016-04-01 15:06:54","3.1.1","2.0.0-alpha.7",NULL
"NPM","intern","3.2.1","2016-05-18 02:09:46","dojo","2.0.0-alpha.7","2.0.0-alpha.7","2016-04-01 15:06:54","3.2.0","2.0.0-alpha.7",NULL
"NPM","intern","3.2.2","2016-05-25 20:36:50","dojo","2.0.0-alpha.7","2.0.0-alpha.7","2016-04-01 15:06:54","3.2.1","2.0.0-alpha.7",NULL
"NPM","intern","3.2.3","2016-05-27 11:30:27","dojo","2.0.0-alpha.7","2.0.0-alpha.7","2016-04-01 15:06:54","3.2.2","2.0.0-alpha.7",NULL
"NPM","intern","3.3.0","2016-08-05 18:51:56","dojo","2.0.0-alpha.7","2.0.0-alpha.7","2016-04-01 15:06:54","3.2.3","2.0.0-alpha.7",NULL
"NPM","intern","3.3.1","2016-08-07 20:00:05","dojo","2.0.0-alpha.7","2.0.0-alpha.7","2016-04-01 15:06:54","3.3.0","2.0.0-alpha.7",NULL
"NPM","intern","3.3.2","2016-10-29 20:27:33","dojo","2.0.0-alpha.7","2.0.0-alpha.7","2016-04-01 15:06:54","3.3.1","2.0.0-alpha.7",NULL
"NPM","intern","3.4.0","2016-11-16 19:43:23","dojo","2.0.0-alpha.7","2.0.0-alpha.7","2016-04-01 15:06:54","3.3.2","2.0.0-alpha.7",NULL
"NPM","intern","3.4.1","2016-11-17 20:00:03","dojo","2.0.0-alpha.7","2.0.0-alpha.7","2016-04-01 15:06:54","3.4.0","2.0.0-alpha.7",NULL
"NPM","intern","3.4.2","2016-12-01 22:00:01","dojo","2.0.0-alpha.7","2.0.0-alpha.7","2016-04-01 15:06:54","3.4.1","2.0.0-alpha.7",NULL
"NPM","intern","3.4.3","2017-03-21 19:52:55","dojo","2.0.0-alpha.7","2.0.0-alpha.7","2016-04-01 15:06:54","3.4.2","2.0.0-alpha.7",NULL
"NPM","intern","3.4.4","2017-05-11 20:37:40","dojo","2.0.0-alpha.7","2.0.0-alpha.7","2016-04-01 15:06:54","3.4.3","2.0.0-alpha.7",NULL
"NPM","intern","3.4.5","2017-06-03 19:28:10","dojo","2.0.0-alpha.7","2.0.0-alpha.7","2016-04-01 15:06:54","3.4.4","2.0.0-alpha.7",NULL
"NPM","intern","3.4.6","2017-07-21 13:39:30","dojo","2.0.0-alpha.7","2.0.0-alpha.7","2016-04-01 15:06:54","3.4.5","2.0.0-alpha.7",NULL
"NPM","intern-geezer","1.2.0","2013-07-30 17:45:02","dojo","1.9.1","1.9.1","2013-07-05 20:38:57",NULL,NULL,NULL
"NPM","intern-geezer","1.2.1","2013-08-20 04:39:17","dojo","1.9.1","1.9.1","2013-07-05 20:38:57","1.2.0","1.9.1",NULL
"NPM","intern-geezer","1.3.0","2013-11-08 19:54:18","dojo","1.9.1","1.9.1","2013-07-05 20:38:57","1.2.1","1.9.1",NULL
"NPM","intern-geezer","1.3.1","2013-11-08 23:32:09","dojo","1.9.1","1.9.1","2013-07-05 20:38:57","1.3.0","1.9.1",NULL
"NPM","intern-geezer","1.3.2","2013-11-25 05:55:03","dojo","1.9.1","1.9.1","2013-07-05 20:38:57","1.3.1","1.9.1",NULL
"NPM","intern-geezer","1.4.0","2014-02-04 16:00:37","dojo","1.9.1","1.9.1","2013-07-05 20:38:57","1.3.2","1.9.1",NULL
"NPM","intern-geezer","1.5.0","2014-03-03 16:42:33","dojo","1.9.3","1.9.3","2014-02-26 23:12:57","1.4.0","1.9.1","86 days 18:41:18"
"NPM","intern-geezer","1.6.0","2014-04-01 21:41:23","dojo","1.9.3","1.9.3","2014-02-26 23:12:57","1.5.0","1.9.3",NULL
"NPM","intern-geezer","1.6.1","2014-04-07 19:14:11","dojo","1.9.3","1.9.3","2014-02-26 23:12:57","1.6.0","1.9.3",NULL
"NPM","intern-geezer","1.6.2","2014-04-11 20:16:44","dojo","1.9.3","1.9.3","2014-02-26 23:12:57","1.6.1","1.9.3",NULL
"NPM","intern-geezer","1.7.0","2014-05-05 02:17:38","dojo","1.9.3","1.9.3","2014-02-26 23:12:57","1.6.2","1.9.3",NULL
"NPM","intern-geezer","2.0.0","2014-06-29 01:19:19","dojo","1.9.3","1.9.3","2014-02-26 23:12:57","1.7.0","1.9.3",NULL
"NPM","intern-geezer","2.0.1","2014-07-05 23:52:39","dojo","1.9.3","1.9.3","2014-02-26 23:12:57","2.0.0","1.9.3",NULL
"NPM","intern-geezer","2.0.2","2014-08-15 05:25:14","dojo","1.9.3","1.9.3","2014-02-26 23:12:57","2.0.1","1.9.3",NULL
"NPM","intern-geezer","2.0.3","2014-08-18 17:56:53","dojo","1.9.3","1.9.3","2014-02-26 23:12:57","2.0.2","1.9.3",NULL
"NPM","intern-geezer","2.1.0","2014-09-13 01:14:05","dojo","1.9.4","1.9.4","2014-09-12 19:04:19","2.0.3","1.9.3","06:09:46"
"NPM","intern-geezer","2.1.1","2014-09-25 00:16:03","dojo","1.9.4","1.9.4","2014-09-12 19:04:19","2.1.0","1.9.4",NULL
"NPM","intern-geezer","2.2.0","2014-12-05 19:20:48","dojo","1.9.4","1.9.4","2014-09-12 19:04:19","2.1.1","1.9.4",NULL
"NPM","intern-geezer","2.2.1","2014-12-05 22:24:19","dojo","1.9.4","1.9.4","2014-09-12 19:04:19","2.2.0","1.9.4",NULL
"NPM","intern-geezer","2.2.2","2014-12-06 08:37:51","dojo","1.9.4","1.9.4","2014-09-12 19:04:19","2.2.1","1.9.4",NULL
"NPM","intern-geezer","2.2.3","2016-04-01 20:37:06","dojo","1.9.4","1.9.4","2014-09-12 19:04:19","2.2.2","1.9.4",NULL
"NPM","leadfoot","1.0.0","2014-06-29 00:32:50","dojo","2.0.0-alpha1","2.0.0-alpha1","2014-06-22 20:10:32",NULL,NULL,NULL
"NPM","leadfoot","1.0.1","2014-07-05 22:48:23","dojo","2.0.0-alpha1","2.0.0-alpha1","2014-06-22 20:10:32","1.0.0","2.0.0-alpha1",NULL
"NPM","leadfoot","1.0.2","2014-08-15 05:17:30","dojo","2.0.0-alpha1","2.0.0-alpha1","2014-06-22 20:10:32","1.0.1","2.0.0-alpha1",NULL
"NPM","leadfoot","1.1.0","2014-09-13 01:00:01","dojo","2.0.0-alpha2","2.0.0-alpha2","2014-09-13 00:55:18","1.0.2","2.0.0-alpha1","00:04:43"
"NPM","leadfoot","1.1.1","2014-09-24 06:04:10","dojo","2.0.0-alpha2","2.0.0-alpha2","2014-09-13 00:55:18","1.1.0","2.0.0-alpha2",NULL
"NPM","leadfoot","1.2.0","2014-12-05 00:00:19","dojo","2.0.0-alpha3","2.0.0-alpha3","2014-12-04 21:20:55","1.1.1","2.0.0-alpha2","02:39:24"
"NPM","leadfoot","1.2.1","2014-12-05 22:14:50","dojo","2.0.0-alpha4","2.0.0-alpha4","2014-12-05 21:56:36","1.2.0","2.0.0-alpha3","00:18:14"
"NPM","leadfoot","1.3.0","2015-04-23 01:29:55","dojo","2.0.0-alpha.5","2.0.0-alpha.5","2015-04-22 20:10:29","1.2.1","2.0.0-alpha4","05:19:26"
"NPM","leadfoot","1.4.0","2015-04-23 01:52:56","dojo","2.0.0-alpha.5","2.0.0-alpha.5","2015-04-22 20:10:29","1.3.0","2.0.0-alpha.5",NULL
"NPM","leadfoot","1.4.1","2015-04-23 02:02:20","dojo","2.0.0-alpha.5","2.0.0-alpha.5","2015-04-22 20:10:29","1.4.0","2.0.0-alpha.5",NULL
"NPM","leadfoot","1.5.0","2015-05-27 13:21:52","dojo","2.0.0-alpha.5","2.0.0-alpha.5","2015-04-22 20:10:29","1.4.1","2.0.0-alpha.5",NULL
"NPM","leadfoot","1.5.1","2015-06-05 04:10:57","dojo","2.0.0-alpha.6","2.0.0-alpha.6","2015-06-05 04:06:30","1.5.0","2.0.0-alpha.5","00:04:27"
"NPM","leadfoot","1.5.2","2015-06-25 01:06:11","dojo","2.0.0-alpha.6","2.0.0-alpha.6","2015-06-05 04:06:30","1.5.1","2.0.0-alpha.6",NULL
"NPM","leadfoot","1.6.0","2015-09-24 06:27:40","dojo","2.0.0-alpha.6","2.0.0-alpha.6","2015-06-05 04:06:30","1.5.2","2.0.0-alpha.6",NULL
"NPM","leadfoot","1.6.1","2015-09-25 06:50:41","dojo","2.0.0-alpha.6","2.0.0-alpha.6","2015-06-05 04:06:30","1.6.0","2.0.0-alpha.6",NULL
"NPM","leadfoot","1.6.2","2015-09-25 07:16:11","dojo","2.0.0-alpha.6","2.0.0-alpha.6","2015-06-05 04:06:30","1.6.1","2.0.0-alpha.6",NULL
"NPM","leadfoot","1.6.3","2015-09-29 01:30:08","dojo","2.0.0-alpha.6","2.0.0-alpha.6","2015-06-05 04:06:30","1.6.2","2.0.0-alpha.6",NULL
"NPM","leadfoot","1.6.4","2015-10-01 04:35:18","dojo","2.0.0-alpha.6","2.0.0-alpha.6","2015-06-05 04:06:30","1.6.3","2.0.0-alpha.6",NULL
"NPM","leadfoot","1.6.5","2015-10-07 21:06:12","dojo","2.0.0-alpha.6","2.0.0-alpha.6","2015-06-05 04:06:30","1.6.4","2.0.0-alpha.6",NULL
"NPM","leadfoot","1.6.6","2016-04-01 18:27:38","dojo","2.0.0-alpha.7","2.0.0-alpha.7","2016-04-01 15:06:54","1.6.5","2.0.0-alpha.6","03:20:44"
"NPM","leadfoot","1.6.7","2016-05-06 19:58:48","dojo","2.0.0-alpha.7","2.0.0-alpha.7","2016-04-01 15:06:54","1.6.6","2.0.0-alpha.7",NULL
"NPM","leadfoot","1.6.8","2016-05-17 22:00:49","dojo","2.0.0-alpha.7","2.0.0-alpha.7","2016-04-01 15:06:54","1.6.7","2.0.0-alpha.7",NULL
"NPM","leadfoot","1.6.9","2016-05-25 20:33:19","dojo","2.0.0-alpha.7","2.0.0-alpha.7","2016-04-01 15:06:54","1.6.8","2.0.0-alpha.7",NULL
"NPM","leadfoot","1.6.10","2016-05-27 11:26:22","dojo","2.0.0-alpha.7","2.0.0-alpha.7","2016-04-01 15:06:54","1.6.9","2.0.0-alpha.7",NULL
"NPM","leadfoot","1.6.11","2016-08-05 17:49:06","dojo","2.0.0-alpha.7","2.0.0-alpha.7","2016-04-01 15:06:54","1.6.10","2.0.0-alpha.7",NULL
"NPM","leadfoot","1.6.12","2016-08-06 21:51:11","dojo","2.0.0-alpha.7","2.0.0-alpha.7","2016-04-01 15:06:54","1.6.11","2.0.0-alpha.7",NULL
"NPM","leadfoot","1.7.0","2016-11-16 17:00:28","dojo","2.0.0-alpha.7","2.0.0-alpha.7","2016-04-01 15:06:54","1.6.12","2.0.0-alpha.7",NULL
"NPM","leadfoot","1.7.1","2017-03-21 19:39:32","dojo","2.0.0-alpha.7","2.0.0-alpha.7","2016-04-01 15:06:54","1.7.0","2.0.0-alpha.7",NULL
"NPM","leadfoot","1.7.2","2017-05-11 20:32:49","dojo","2.0.0-alpha.7","2.0.0-alpha.7","2016-04-01 15:06:54","1.7.1","2.0.0-alpha.7",NULL
"NPM","leadfoot","1.7.3","2017-05-24 20:21:56","dojo","2.0.0-alpha.7","2.0.0-alpha.7","2016-04-01 15:06:54","1.7.2","2.0.0-alpha.7",NULL
"NPM","leadfoot","1.7.4","2017-05-25 02:27:54","dojo","2.0.0-alpha.7","2.0.0-alpha.7","2016-04-01 15:06:54","1.7.3","2.0.0-alpha.7",NULL
"NPM","leadfoot","1.7.5","2018-03-24 19:35:20","dojo","2.0.0-alpha.7","2.0.0-alpha.7","2016-04-01 15:06:54","1.7.4","2.0.0-alpha.7",NULL
"NPM","leadfoot","1.7.6","2018-07-18 01:06:44","dojo","2.0.0-alpha.7","2.0.0-alpha.7","2016-04-01 15:06:54","1.7.5","2.0.0-alpha.7",NULL
"NPM","pinf-for-dojo","0.0.1","2015-12-28 00:40:27","dojo","^2.0.0-alpha.6","2.0.0-alpha4","2014-12-05 21:56:36",NULL,NULL,NULL
"NPM","@agrc/helpers","1.0.0","2018-06-05 17:51:45","dojo","1.13.0","1.13.0","2017-09-26 21:20:02",NULL,NULL,NULL
"NPM","@agrc/helpers","1.0.1","2018-06-05 21:22:57","dojo","1.13.0","1.13.0","2017-09-26 21:20:02","1.0.0","1.13.0",NULL
"NPM","bryaktestgrid","0.0.1","2018-06-05 22:46:49","dojo","1.11.2","1.11.2","2016-06-10 09:27:48",NULL,NULL,NULL
"NPM","bryaktestgrid","0.0.2","2018-06-05 23:29:20","dojo","1.11.2","1.11.2","2016-06-10 09:27:48","0.0.1","1.11.2",NULL
"NPM","bryaktestgrid","0.0.3","2018-06-05 23:52:49","dojo","1.11.2","1.11.2","2016-06-10 09:27:48","0.0.2","1.11.2",NULL
"NPM","bryaktestgrid","0.0.4","2018-06-06 00:01:15","dojo","1.11.2","1.11.2","2016-06-10 09:27:48","0.0.3","1.11.2",NULL
"NPM","bryaktestgrid","0.0.5","2018-06-06 00:24:48","dojo","1.11.2","1.11.2","2016-06-10 09:27:48","0.0.4","1.11.2",NULL
"NPM","bryaktestgrid","0.0.6","2018-06-06 00:31:53","dojo","1.11.2","1.11.2","2016-06-10 09:27:48","0.0.5","1.11.2",NULL
"NPM","dcomponent","0.0.1","2016-05-01 14:30:20","dojo","^1.10.4","1.11.1","2016-04-01 15:24:44",NULL,NULL,NULL
"NPM","dcomponent","0.1.0","2016-05-01 14:37:13","dojo","^1.10.4","1.11.1","2016-04-01 15:24:44","0.0.1","1.11.1",NULL
"NPM","dcomponent","0.1.1","2016-05-01 18:29:45","dojo","^1.10.4","1.11.1","2016-04-01 15:24:44","0.1.0","1.11.1",NULL
"NPM","dcomponent","0.1.2","2016-05-06 13:11:20","dojo","^1.10.4","1.17.3","2022-08-13 13:37:12","0.1.1","1.11.1","-34 days -20:16:28"
"NPM","digdug","1.0.0","2014-06-29 00:31:55","dojo","2.0.0-alpha1","2.0.0-alpha1","2014-06-22 20:10:32",NULL,NULL,NULL
"NPM","digdug","1.1.0","2014-09-13 00:57:30","dojo","2.0.0-alpha2","2.0.0-alpha2","2014-09-13 00:55:18","1.0.0","2.0.0-alpha1","00:02:12"
"NPM","digdug","1.2.0","2014-12-05 00:03:57","dojo","2.0.0-alpha3","2.0.0-alpha3","2014-12-04 21:20:55","1.1.0","2.0.0-alpha2","02:43:02"
"NPM","digdug","1.2.1","2014-12-05 22:06:51","dojo","2.0.0-alpha4","2.0.0-alpha4","2014-12-05 21:56:36","1.2.0","2.0.0-alpha3","00:10:15"
"NPM","digdug","1.3.0","2015-04-23 01:18:05","dojo","2.0.0-alpha.5","2.0.0-alpha.5","2015-04-22 20:10:29","1.2.1","2.0.0-alpha4","05:07:36"
"NPM","digdug","1.3.1","2015-05-22 03:30:12","dojo","2.0.0-alpha.5","2.0.0-alpha.5","2015-04-22 20:10:29","1.3.0","2.0.0-alpha.5",NULL
"NPM","digdug","1.3.2","2015-06-05 04:12:28","dojo","2.0.0-alpha.6","2.0.0-alpha.6","2015-06-05 04:06:30","1.3.1","2.0.0-alpha.5","00:05:58"
"NPM","digdug","1.4.0","2016-04-01 18:32:22","dojo","2.0.0-alpha.7","2.0.0-alpha.7","2016-04-01 15:06:54","1.3.2","2.0.0-alpha.6","03:25:28"
"NPM","digdug","1.4.1","2016-05-06 19:54:21","dojo","2.0.0-alpha.7","2.0.0-alpha.7","2016-04-01 15:06:54","1.4.0","2.0.0-alpha.7",NULL
"NPM","digdug","1.5.0","2016-08-05 14:37:23","dojo","2.0.0-alpha.7","2.0.0-alpha.7","2016-04-01 15:06:54","1.4.1","2.0.0-alpha.7",NULL
"NPM","digdug","1.5.1","2016-10-28 19:46:44","dojo","2.0.0-alpha.7","2.0.0-alpha.7","2016-04-01 15:06:54","1.5.0","2.0.0-alpha.7",NULL
"NPM","digdug","1.5.2","2016-10-29 19:59:24","dojo","2.0.0-alpha.7","2.0.0-alpha.7","2016-04-01 15:06:54","1.5.1","2.0.0-alpha.7",NULL
"NPM","digdug","1.6.0","2016-11-11 19:00:13","dojo","2.0.0-alpha.7","2.0.0-alpha.7","2016-04-01 15:06:54","1.5.2","2.0.0-alpha.7",NULL
"NPM","digdug","1.6.1","2016-11-14 13:05:29","dojo","2.0.0-alpha.7","2.0.0-alpha.7","2016-04-01 15:06:54","1.6.0","2.0.0-alpha.7",NULL
"NPM","digdug","1.6.2","2016-11-16 19:29:44","dojo","2.0.0-alpha.7","2.0.0-alpha.7","2016-04-01 15:06:54","1.6.1","2.0.0-alpha.7",NULL
"NPM","digdug","1.6.3","2017-03-21 19:28:03","dojo","2.0.0-alpha.7","2.0.0-alpha.7","2016-04-01 15:06:54","1.6.2","2.0.0-alpha.7",NULL
"NPM","digdug","1.6.4","2017-05-12 13:58:40","dojo","2.0.0-alpha.7","2.0.0-alpha.7","2016-04-01 15:06:54","1.6.3","2.0.0-alpha.7",NULL
"NPM","digdug","1.6.5","2017-10-03 19:04:14","dojo","2.0.0-alpha.7","2.0.0-alpha.7","2016-04-01 15:06:54","1.6.4","2.0.0-alpha.7",NULL
"NPM","digdug-null-sauce-labs-tunnel","1.0.0","2015-10-30 11:43:25","dojo","2.0.0-alpha.6","2.0.0-alpha.6","2015-06-05 04:06:30",NULL,NULL,NULL
"NPM","digdug-null-sauce-labs-tunnel","1.0.1","2015-10-30 11:49:56","dojo","2.0.0-alpha.6","2.0.0-alpha.6","2015-06-05 04:06:30","1.0.0","2.0.0-alpha.6",NULL
"NPM","digdug-null-sauce-labs-tunnel","1.0.2","2016-11-24 15:27:18","dojo","2.0.0-alpha.6","2.0.0-alpha.6","2015-06-05 04:06:30","1.0.1","2.0.0-alpha.6",NULL
"NPM","digdug-null-sauce-labs-tunnel","1.0.3","2016-11-24 15:30:58","dojo","2.0.0-alpha.6","2.0.0-alpha.6","2015-06-05 04:06:30","1.0.2","2.0.0-alpha.6",NULL
"NPM","digdug-null-sauce-labs-tunnel","1.0.4","2016-11-24 15:33:04","dojo","2.0.0-alpha.6","2.0.0-alpha.6","2015-06-05 04:06:30","1.0.3","2.0.0-alpha.6",NULL
"NPM","digdug-null-sauce-labs-tunnel","1.0.5","2016-11-24 15:33:59","dojo","2.0.0-alpha.6","2.0.0-alpha.6","2015-06-05 04:06:30","1.0.4","2.0.0-alpha.6",NULL
"NPM","enjoyor-vue-demo","1.0.0","2018-05-21 07:18:47","dojo","^1.13.0","1.13.0","2017-09-26 21:20:02",NULL,NULL,NULL
"NPM","enjoyor-vue-demo","1.0.1","2018-05-23 01:32:32","dojo","^1.13.0","1.13.0","2017-09-26 21:20:02","1.0.0","1.13.0",NULL
"NPM","enjoyor-vue-demo","1.0.2","2018-05-24 07:54:22","dojo","^1.13.0","1.13.0","2017-09-26 21:20:02","1.0.1","1.13.0",NULL
"NPM","enjoyor-vue-demo","1.0.3","2018-05-25 08:00:34","dojo","^1.13.0","1.13.0","2017-09-26 21:20:02","1.0.2","1.13.0",NULL
"NPM","enjoyor-vue-demo","2.0.1","2018-05-25 08:25:51","dojo","^1.13.0","1.17.3","2022-08-13 13:37:12","1.0.3","1.13.0","-79 days -20:10:42"
"NPM","lyra-grid","1.0.0","2019-02-22 13:44:40","dojo","^1.15.0","1.15.0","2019-02-16 12:16:43",NULL,NULL,NULL
"NPM","lyra-grid","1.0.1","2019-03-04 11:19:51","dojo","^1.15.0","1.15.0","2019-02-16 12:16:43","1.0.0","1.15.0",NULL
"NPM","lyra-grid","1.0.2","2019-03-05 09:03:26","dojo","^1.15.0","1.15.0","2019-02-16 12:16:43","1.0.1","1.15.0",NULL
"NPM","lyra-grid","1.0.3","2019-03-19 10:25:35","dojo","^1.13.0","1.15.0","2019-02-16 12:16:43","1.0.2","1.15.0",NULL
"NPM","lyra-grid","1.0.4","2019-03-19 16:07:58","dojo","^1.13.0","1.15.0","2019-02-16 12:16:43","1.0.3","1.15.0",NULL
"NPM","lyra-grid","1.0.5","2019-03-19 16:20:45","dojo","^1.13.0","1.15.0","2019-02-16 12:16:43","1.0.4","1.15.0",NULL
"NPM","lyra-grid","1.0.6","2019-03-19 16:38:56","dojo","^1.15.0","1.15.0","2019-02-16 12:16:43","1.0.5","1.15.0",NULL
"NPM","lyra-grid","1.0.7","2019-03-19 16:55:23","dojo","^1.15.0","1.15.0","2019-02-16 12:16:43","1.0.6","1.15.0",NULL
"NPM","lyra-grid","1.0.8","2019-03-20 11:15:58","dojo","^1.15.0","1.15.0","2019-02-16 12:16:43","1.0.7","1.15.0",NULL
"NPM","lyra-grid","1.0.9","2019-03-22 14:46:17","dojo","^1.15.0","1.15.0","2019-02-16 12:16:43","1.0.8","1.15.0",NULL
"NPM","lyra-grid","1.0.10","2019-03-25 12:14:14","dojo","^1.15.0","1.15.0","2019-02-16 12:16:43","1.0.9","1.15.0",NULL
"NPM","lyra-grid","1.0.11","2019-03-27 08:22:19","dojo","^1.15.0","1.15.0","2019-02-16 12:16:43","1.0.10","1.15.0",NULL
"NPM","lyra-grid","1.1.2","2019-04-11 21:43:14","dojo","^1.15.0","1.15.0","2019-02-16 12:16:43","1.0.11","1.15.0",NULL
"NPM","lyra-grid","1.1.3","2019-04-13 09:38:06","dojo","^1.15.0","1.15.0","2019-02-16 12:16:43","1.1.2","1.15.0",NULL
"NPM","lyra-grid","1.1.4","2019-04-21 01:02:26","dojo","^1.15.0","1.15.0","2019-02-16 12:16:43","1.1.3","1.15.0",NULL
"NPM","lyra-grid","1.1.5","2019-04-28 01:04:00","dojo","^1.15.0","1.15.0","2019-02-16 12:16:43","1.1.4","1.15.0",NULL
"NPM","lyra-grid","1.1.6","2019-05-05 00:55:56","dojo","^1.15.0","1.15.0","2019-02-16 12:16:43","1.1.5","1.15.0",NULL
"NPM","lyra-grid","1.1.7","2019-05-13 14:10:42","dojo","^1.15.0","1.15.0","2019-02-16 12:16:43","1.1.6","1.15.0",NULL
"NPM","lyra-grid","1.1.8","2019-05-14 12:16:40","dojo","^1.15.0","1.15.0","2019-02-16 12:16:43","1.1.7","1.15.0",NULL
"NPM","lyra-grid","1.1.9","2019-05-22 08:06:12","dojo","^1.15.0","1.15.0","2019-02-16 12:16:43","1.1.8","1.15.0",NULL
"NPM","lyra-grid","1.1.10","2019-05-22 11:06:55","dojo","^1.15.0","1.15.0","2019-02-16 12:16:43","1.1.9","1.15.0",NULL
"NPM","lyra-grid","1.1.11","2019-05-22 17:01:56","dojo","^1.15.0","1.15.0","2019-02-16 12:16:43","1.1.10","1.15.0",NULL
"NPM","lyra-grid","1.1.12","2019-05-27 15:14:08","dojo","^1.15.0","1.15.0","2019-02-16 12:16:43","1.1.11","1.15.0",NULL
"NPM","lyra-grid","1.1.13","2019-05-28 14:37:07","dojo","^1.15.0","1.15.0","2019-02-16 12:16:43","1.1.12","1.15.0",NULL
"NPM","lyra-grid","1.1.14","2019-05-28 22:40:27","dojo","^1.15.0","1.15.0","2019-02-16 12:16:43","1.1.13","1.15.0",NULL
"NPM","lyra-grid","1.1.15","2019-05-29 08:32:37","dojo","^1.15.0","1.15.0","2019-02-16 12:16:43","1.1.14","1.15.0",NULL
"NPM","lyra-grid","1.1.16","2019-05-29 13:29:04","dojo","^1.15.0","1.15.0","2019-02-16 12:16:43","1.1.15","1.15.0",NULL
"NPM","lyra-grid","1.1.17","2019-06-04 11:16:37","dojo","^1.15.0","1.15.0","2019-02-16 12:16:43","1.1.16","1.15.0",NULL
"NPM","lyra-grid","1.1.18","2019-06-04 11:49:52","dojo","^1.15.0","1.15.0","2019-02-16 12:16:43","1.1.17","1.15.0",NULL
"NPM","lyra-grid","1.1.19","2019-06-06 11:13:26","dojo","^1.15.0","1.15.0","2019-02-16 12:16:43","1.1.18","1.15.0",NULL
"NPM","lyra-grid","1.1.20","2019-06-11 13:13:57","dojo","^1.15.0","1.15.0","2019-02-16 12:16:43","1.1.19","1.15.0",NULL
"NPM","lyra-grid","1.1.21","2019-06-18 13:54:12","dojo","^1.15.0","1.15.0","2019-02-16 12:16:43","1.1.20","1.15.0",NULL
"NPM","lyra-grid","1.1.22","2019-07-21 00:56:08","dojo","^1.15.0","1.15.0","2019-02-16 12:16:43","1.1.21","1.15.0",NULL
"NPM","lyra-grid","1.1.23","2019-08-25 00:56:02","dojo","^1.15.0","1.15.0","2019-02-16 12:16:43","1.1.22","1.15.0",NULL
"NPM","lyra-grid","1.2.0","2019-09-24 15:59:35","dojo","^1.15.0","1.15.0","2019-02-16 12:16:43","1.1.23","1.15.0",NULL
"NPM","lyra-grid","1.2.1","2019-10-04 11:24:34","dojo","^1.15.0","1.15.0","2019-02-16 12:16:43","1.2.0","1.15.0",NULL
"NPM","lyra-grid","1.2.2","2019-11-10 00:57:47","dojo","^1.15.0","1.16.0","2019-11-29 16:19:00","1.2.1","1.15.0","-19 days -14:40:41"
"NPM","lyra-grid","1.2.3","2019-12-15 00:56:55","dojo","^1.15.0","1.16.1","2020-02-12 15:59:15","1.2.2","1.16.0","-59 days -15:02:20"
"NPM","lyra-grid","1.2.4","2020-02-16 00:56:58","dojo","^1.15.0","1.16.2","2020-03-10 15:26:02","1.2.3","1.16.1","-23 days -14:29:04"
"NPM","lyra-grid","1.2.5","2020-03-12 15:40:42","dojo","^1.15.0","1.16.2","2020-03-10 15:26:02","1.2.4","1.16.2",NULL
"NPM","lyra-grid","1.2.6","2020-03-13 14:22:47","dojo","^1.16.2","1.16.2","2020-03-10 15:26:02","1.2.5","1.16.2",NULL
"NPM","lyra-grid","1.2.7","2020-04-12 00:56:59","dojo","^1.16.2","1.16.2","2020-03-10 15:26:02","1.2.6","1.16.2",NULL
"NPM","lyra-grid","1.2.8","2020-04-19 00:56:58","dojo","^1.16.2","1.16.2","2020-03-10 15:26:02","1.2.7","1.16.2",NULL
"NPM","lyra-grid","1.2.9","2020-04-26 00:56:55","dojo","^1.16.2","1.16.2","2020-03-10 15:26:02","1.2.8","1.16.2",NULL
"NPM","lyra-grid","1.2.10","2020-05-03 01:13:50","dojo","^1.16.2","1.16.2","2020-03-10 15:26:02","1.2.9","1.16.2",NULL
"NPM","lyra-grid","1.2.11","2020-05-10 00:58:54","dojo","^1.16.2","1.16.2","2020-03-10 15:26:02","1.2.10","1.16.2",NULL
"NPM","lyra-grid","1.2.12","2020-05-17 00:58:05","dojo","^1.16.2","1.16.2","2020-03-10 15:26:02","1.2.11","1.16.2",NULL
"NPM","lyra-grid","1.2.13","2020-05-24 00:59:06","dojo","^1.16.2","1.16.2","2020-03-10 15:26:02","1.2.12","1.16.2",NULL
"NPM","lyra-grid","1.2.14","2020-05-31 00:59:09","dojo","^1.16.2","1.16.2","2020-03-10 15:26:02","1.2.13","1.16.2",NULL
"NPM","lyra-grid","1.2.15","2020-06-07 00:59:04","dojo","^1.16.2","1.16.3","2020-06-13 12:31:04","1.2.14","1.16.2","-6 days -11:32:00"
"NPM","lyra-grid","1.2.16","2020-06-14 00:58:10","dojo","^1.16.2","1.16.3","2020-06-13 12:31:04","1.2.15","1.16.3",NULL
"NPM","lyra-grid","1.2.17","2020-06-21 00:59:11","dojo","^1.16.3","1.16.3","2020-06-13 12:31:04","1.2.16","1.16.3",NULL
"NPM","lyra-grid","1.2.18","2020-06-28 00:59:13","dojo","^1.16.3","1.16.3","2020-06-13 12:31:04","1.2.17","1.16.3",NULL
"NPM","lyra-grid","1.2.19","2020-07-05 00:59:32","dojo","^1.16.3","1.16.3","2020-06-13 12:31:04","1.2.18","1.16.3",NULL
"NPM","lyra-grid","1.2.20","2020-07-12 00:58:35","dojo","^1.16.3","1.16.3","2020-06-13 12:31:04","1.2.19","1.16.3",NULL
"NPM","lyra-grid","1.2.21","2020-07-19 00:58:52","dojo","^1.16.3","1.16.3","2020-06-13 12:31:04","1.2.20","1.16.3",NULL
"NPM","rx-dojo","1.1.1","2014-08-25 21:40:21","dojo","*","1.17.3","2022-08-13 13:37:12",NULL,NULL,NULL
"NPM","setten","0.1.5","2013-02-04 21:16:37","dojo",">1.8","1.9.1","2013-07-05 20:38:57",NULL,NULL,NULL
"NPM","setten","0.1.6","2013-07-27 09:52:02","dojo",">1.8","1.17.3","2022-08-13 13:37:12","0.1.5","1.9.1","-132 days -12:09:13"
"NPM","lyra-grid","1.2.22","2020-07-26 00:58:35","dojo","^1.16.3","1.16.3","2020-06-13 12:31:04","1.2.21","1.16.3",NULL
"NPM","lyra-grid","1.2.23","2020-08-02 00:58:55","dojo","^1.16.3","1.16.3","2020-06-13 12:31:04","1.2.22","1.16.3",NULL
"NPM","lyra-grid","1.2.24","2020-08-09 00:58:55","dojo","^1.16.3","1.16.3","2020-06-13 12:31:04","1.2.23","1.16.3",NULL
"NPM","lyra-grid","1.2.25","2020-08-16 00:58:11","dojo","^1.16.3","1.16.3","2020-06-13 12:31:04","1.2.24","1.16.3",NULL
"NPM","lyra-grid","1.2.26","2020-08-23 00:59:12","dojo","^1.16.3","1.16.3","2020-06-13 12:31:04","1.2.25","1.16.3",NULL
"NPM","lyra-grid","1.2.27","2020-08-30 00:58:01","dojo","^1.16.3","1.16.3","2020-06-13 12:31:04","1.2.26","1.16.3",NULL
"NPM","lyra-grid","1.2.28","2020-09-06 00:59:00","dojo","^1.16.3","1.16.3","2020-06-13 12:31:04","1.2.27","1.16.3",NULL
"NPM","lyra-grid","1.2.29","2020-09-13 00:58:22","dojo","^1.16.3","1.16.3","2020-06-13 12:31:04","1.2.28","1.16.3",NULL
"NPM","lyra-grid","1.2.30","2020-09-20 00:58:10","dojo","^1.16.3","1.16.3","2020-06-13 12:31:04","1.2.29","1.16.3",NULL
"NPM","lyra-grid","1.2.31","2020-10-04 00:59:22","dojo","^1.16.3","1.16.3","2020-06-13 12:31:04","1.2.30","1.16.3",NULL
"NPM","lyra-grid","1.2.35","2020-11-22 00:59:11","dojo","^1.16.3","1.16.3","2020-06-13 12:31:04","1.2.31","1.16.3",NULL
"NPM","lyra-grid","1.2.36","2020-12-13 00:59:24","dojo","^1.16.3","1.16.3","2020-06-13 12:31:04","1.2.35","1.16.3",NULL
"NPM","lyra-grid","1.2.37","2020-12-20 00:59:32","dojo","^1.16.3","1.16.3","2020-06-13 12:31:04","1.2.36","1.16.3",NULL
"NPM","lyra-grid","1.2.38","2020-12-27 02:06:00","dojo","^1.16.3","1.16.3","2020-06-13 12:31:04","1.2.37","1.16.3",NULL
"NPM","lyra-grid","1.2.39","2021-01-03 01:29:02","dojo","^1.16.3","1.16.3","2020-06-13 12:31:04","1.2.38","1.16.3",NULL
"NPM","lyra-grid","1.2.40","2021-01-10 00:59:42","dojo","^1.16.3","1.16.3","2020-06-13 12:31:04","1.2.39","1.16.3",NULL
"NPM","lyra-grid","1.2.41","2021-01-17 00:59:33","dojo","^1.16.3","1.16.3","2020-06-13 12:31:04","1.2.40","1.16.3",NULL
"NPM","lyra-grid","1.2.42","2021-01-21 14:32:15","dojo","^1.16.3","1.16.3","2020-06-13 12:31:04","1.2.41","1.16.3",NULL
"NPM","lyra-grid","1.2.43","2021-01-21 14:56:24","dojo","^1.16.3","1.16.3","2020-06-13 12:31:04","1.2.42","1.16.3",NULL
"NPM","lyra-grid","1.2.44","2021-01-21 15:43:04","dojo","^1.16.3","1.16.3","2020-06-13 12:31:04","1.2.43","1.16.3",NULL
"NPM","lyra-grid","1.2.45","2021-01-24 00:59:37","dojo","^1.16.3","1.16.3","2020-06-13 12:31:04","1.2.44","1.16.3",NULL
"NPM","lyra-grid","1.2.46","2021-01-31 01:27:08","dojo","^1.16.3","1.16.3","2020-06-13 12:31:04","1.2.45","1.16.3",NULL
"NPM","lyra-grid","1.2.47","2021-02-07 01:29:05","dojo","^1.16.3","1.16.3","2020-06-13 12:31:04","1.2.46","1.16.3",NULL
"NPM","lyra-grid","1.2.48","2021-02-14 00:59:20","dojo","^1.16.3","1.17.3","2022-08-13 13:37:12","1.2.47","1.16.3","-35 days -11:30:45"
"NPM","phosphor-dgrid","0.0.1","2017-11-09 16:30:51","dojo","^1.13.0","1.17.3","2022-08-13 13:37:12",NULL,NULL,NULL
"NPM","dojox","1.16.0","2019-11-29 16:29:45","dojo","1.16.0","1.16.0","2019-11-29 16:19:00","1.15.1","1.15.1","-74 days -23:27:06"
"NPM","dojox","1.16.1","2020-02-12 16:01:00","dojo","1.16.1","1.16.1","2020-02-12 15:59:15","1.16.0","1.16.0","00:01:45"
"NPM","dojox","1.16.2","2020-03-10 15:29:57","dojo","1.16.2","1.16.2","2020-03-10 15:26:02","1.16.1","1.16.1","00:03:55"
"NPM","dojox","1.16.3","2020-06-13 12:34:32","dojo","1.16.3","1.16.3","2020-06-13 12:31:04","1.16.2","1.16.2","00:03:28"
"NPM","dojox","1.16.4","2021-03-21 12:33:16","dojo","1.16.4","1.16.4","2021-03-21 12:30:05","1.16.3","1.16.3","00:03:11"
"NPM","dojox","1.16.5","2022-02-20 13:54:08","dojo","1.16.5","1.16.5","2022-02-20 13:51:16","1.16.4","1.16.4","00:02:52"
"NPM","dojox","1.17.0","2022-02-20 14:37:43","dojo","1.17.0","1.17.0","2022-02-20 14:33:09","1.16.5","1.16.5","711 days 23:19:52"
"NPM","dojox","1.17.1","2022-03-07 17:50:41","dojo","1.17.1","1.17.1","2022-03-07 17:47:31","1.17.0","1.17.0","00:03:10"
"NPM","dojox","1.17.2","2022-03-20 13:14:44","dojo","1.17.2","1.17.2","2022-03-20 13:12:26","1.17.1","1.17.1","00:02:18"
"NPM","dojox","1.17.3","2022-08-13 13:39:46","dojo","1.17.3","1.17.3","2022-08-13 13:37:12","1.17.2","1.17.2","00:02:34"
"NPM","hokan","0.1.0","2013-03-04 07:08:11","dojo",">1.7","1.17.3","2022-08-13 13:37:12",NULL,NULL,NULL
"NPM","ibm-dcalendar","0.2.0","2019-12-14 11:50:05","dojo","^1.15.0","1.16.1","2020-02-12 15:59:15",NULL,NULL,NULL
"NPM","ibm-dcalendar","0.2.1","2020-02-16 23:10:31","dojo","^1.15.0","1.16.2","2020-03-10 15:26:02","0.2.0","1.16.1","-22 days -16:15:31"
"NPM","ibm-dcalendar","0.2.2","2020-03-19 08:35:47","dojo","^1.16.2","1.16.2","2020-03-10 15:26:02","0.2.1","1.16.2",NULL
"NPM","ibm-dcalendar","0.2.3","2020-03-19 09:23:27","dojo","^1.16.2","1.16.2","2020-03-10 15:26:02","0.2.2","1.16.2",NULL
"NPM","ibm-dcalendar","0.2.4","2020-04-14 11:44:54","dojo","^1.16.2","1.16.2","2020-03-10 15:26:02","0.2.3","1.16.2",NULL
"NPM","ibm-dcalendar","0.2.5","2020-05-07 01:25:19","dojo","^1.16.2","1.16.2","2020-03-10 15:26:02","0.2.4","1.16.2",NULL
"NPM","ibm-dcalendar","0.3.0","2020-05-18 06:18:57","dojo","^1.16.2","1.17.0","2022-02-20 14:33:09","0.2.5","1.16.2","-26 days -06:12:07"
"NPM","ibm-dcalendar","0.3.1","2022-02-23 01:57:51","dojo","^1.14.0","1.17.3","2022-08-13 13:37:12","0.3.0","1.17.0","-12 days -15:49:40"
"NPM","rgrid","0.0.1","2018-04-03 15:16:33","dojo","1.11.2","1.11.2","2016-06-10 09:27:48",NULL,NULL,NULL
"NPM","rgrid","0.1.0","2018-06-05 08:21:08","dojo","1.11.2","1.11.2","2016-06-10 09:27:48","0.0.1","1.11.2",NULL
"NPM","rgrid","0.1.1","2018-06-05 09:41:04","dojo","1.11.2","1.11.2","2016-06-10 09:27:48","0.1.0","1.11.2",NULL
"NPM","rgrid","0.1.2","2018-06-05 10:23:13","dojo","1.11.2","1.11.2","2016-06-10 09:27:48","0.1.1","1.11.2",NULL
"NPM","rgrid","0.1.3","2018-06-05 14:47:08","dojo","1.11.2","1.11.2","2016-06-10 09:27:48","0.1.2","1.11.2",NULL
"NPM","rgrid","0.1.4","2018-06-06 07:47:19","dojo","1.11.2","1.11.2","2016-06-10 09:27:48","0.1.3","1.11.2",NULL
"NPM","rgrid","0.1.5","2018-06-06 17:36:01","dojo","1.11.2","1.11.2","2016-06-10 09:27:48","0.1.4","1.11.2",NULL
"NPM","rgrid","0.2.0","2018-06-19 08:17:28","dojo","1.11.2","1.11.2","2016-06-10 09:27:48","0.1.5","1.11.2",NULL
"NPM","rgrid","0.3.0","2018-06-22 14:04:38","dojo","1.11.2","1.11.2","2016-06-10 09:27:48","0.2.0","1.11.2",NULL
"NPM","rgrid","0.3.1","2018-06-22 15:26:50","dojo","1.11.2","1.11.2","2016-06-10 09:27:48","0.3.0","1.11.2",NULL
"NPM","rgrid","0.3.3","2018-06-25 16:58:15","dojo","1.11.2","1.11.2","2016-06-10 09:27:48","0.3.1","1.11.2",NULL
"NPM","rgrid","0.4.0","2018-06-26 13:41:28","dojo","1.11.2","1.11.2","2016-06-10 09:27:48","0.3.3","1.11.2",NULL
"NPM","rgrid","0.4.1","2018-06-27 08:33:22","dojo","1.11.2","1.11.2","2016-06-10 09:27:48","0.4.0","1.11.2",NULL
"NPM","rgrid","0.4.2","2018-06-27 13:47:31","dojo","1.11.2","1.11.2","2016-06-10 09:27:48","0.4.1","1.11.2",NULL
"NPM","rgrid","0.4.3","2018-06-27 15:48:48","dojo","1.11.2","1.11.2","2016-06-10 09:27:48","0.4.2","1.11.2",NULL
"NPM","rgrid","0.4.4","2018-06-28 10:14:18","dojo","1.11.2","1.11.2","2016-06-10 09:27:48","0.4.3","1.11.2",NULL
"NPM","rgrid","0.4.5","2018-06-28 15:30:19","dojo","1.11.2","1.11.2","2016-06-10 09:27:48","0.4.4","1.11.2",NULL
"NPM","rgrid","0.4.6","2018-06-28 15:50:50","dojo","1.11.2","1.11.2","2016-06-10 09:27:48","0.4.5","1.11.2",NULL
"NPM","rgrid","0.4.7","2018-06-28 16:41:18","dojo","1.11.2","1.11.2","2016-06-10 09:27:48","0.4.6","1.11.2",NULL
"NPM","rgrid","0.4.8","2018-06-28 17:20:47","dojo","1.11.2","1.11.2","2016-06-10 09:27:48","0.4.7","1.11.2",NULL
"NPM","rgrid","0.4.9","2018-06-29 19:06:34","dojo","1.11.2","1.11.2","2016-06-10 09:27:48","0.4.8","1.11.2",NULL
"NPM","rgrid","0.4.10","2018-07-02 08:41:10","dojo","1.11.2","1.11.2","2016-06-10 09:27:48","0.4.9","1.11.2",NULL
"NPM","rgrid","0.4.11","2018-07-02 09:02:28","dojo","1.11.2","1.11.2","2016-06-10 09:27:48","0.4.10","1.11.2",NULL
"NPM","rgrid","0.4.12","2018-07-02 09:37:08","dojo","1.11.2","1.11.2","2016-06-10 09:27:48","0.4.11","1.11.2",NULL
"NPM","rgrid","0.4.13","2018-07-03 14:43:48","dojo","1.11.2","1.11.2","2016-06-10 09:27:48","0.4.12","1.11.2",NULL
"NPM","rgrid","0.4.14","2018-07-03 16:52:47","dojo","1.11.2","1.11.2","2016-06-10 09:27:48","0.4.13","1.11.2",NULL
"NPM","rgrid","0.4.15","2018-07-05 15:57:06","dojo","1.11.2","1.11.2","2016-06-10 09:27:48","0.4.14","1.11.2",NULL
"NPM","rgrid","0.4.16","2018-07-06 16:46:12","dojo","1.11.2","1.11.2","2016-06-10 09:27:48","0.4.15","1.11.2",NULL
"NPM","rgrid","0.4.17","2018-07-19 09:20:34","dojo","1.11.2","1.11.2","2016-06-10 09:27:48","0.4.16","1.11.2",NULL
"NPM","rgrid","0.4.19","2018-07-30 17:37:36","dojo","1.11.2","1.11.2","2016-06-10 09:27:48","0.4.17","1.11.2",NULL
"NPM","rgrid","0.4.21","2018-08-01 12:47:42","dojo","1.11.2","1.11.2","2016-06-10 09:27:48","0.4.19","1.11.2",NULL
"NPM","rgrid","0.4.22","2018-08-07 14:54:13","dojo","1.11.2","1.11.2","2016-06-10 09:27:48","0.4.21","1.11.2",NULL
"NPM","rgrid","0.4.23","2018-08-08 11:47:23","dojo","1.11.2","1.11.2","2016-06-10 09:27:48","0.4.22","1.11.2",NULL
"NPM","rgrid","0.4.24","2018-08-08 15:26:52","dojo","1.11.2","1.11.2","2016-06-10 09:27:48","0.4.23","1.11.2",NULL
"NPM","rgrid","0.5.0","2018-08-30 14:27:17","dojo","1.11.2","1.11.2","2016-06-10 09:27:48","0.4.24","1.11.2",NULL
"NPM","rgrid","0.5.1","2018-09-05 16:11:52","dojo","1.11.2","1.11.2","2016-06-10 09:27:48","0.5.0","1.11.2",NULL
"NPM","rgrid","0.5.2","2018-09-07 14:24:44","dojo","1.11.2","1.11.2","2016-06-10 09:27:48","0.5.1","1.11.2",NULL
"NPM","rgrid","0.5.3","2018-09-10 16:26:35","dojo","1.11.2","1.11.2","2016-06-10 09:27:48","0.5.2","1.11.2",NULL
"NPM","rgrid","0.5.4","2018-09-11 16:13:53","dojo","1.11.2","1.11.2","2016-06-10 09:27:48","0.5.3","1.11.2",NULL
"NPM","rgrid","0.5.5","2018-09-18 13:30:43","dojo","1.11.2","1.11.2","2016-06-10 09:27:48","0.5.4","1.11.2",NULL
"NPM","rgrid","0.5.6","2018-09-19 08:15:27","dojo","1.11.2","1.11.2","2016-06-10 09:27:48","0.5.5","1.11.2",NULL
"NPM","rgrid","0.5.7","2018-09-24 10:49:54","dojo","1.11.2","1.11.2","2016-06-10 09:27:48","0.5.6","1.11.2",NULL
"NPM","rgrid","0.5.8","2018-09-26 17:02:59","dojo","1.11.2","1.11.2","2016-06-10 09:27:48","0.5.7","1.11.2",NULL
"NPM","rgrid","0.5.9","2018-10-03 16:25:15","dojo","1.11.2","1.11.2","2016-06-10 09:27:48","0.5.8","1.11.2",NULL
"NPM","rgrid","0.5.10","2018-10-09 09:17:47","dojo","1.11.2","1.11.2","2016-06-10 09:27:48","0.5.9","1.11.2",NULL
"NPM","rgrid","0.5.11","2018-10-18 15:08:15","dojo","1.11.2","1.11.2","2016-06-10 09:27:48","0.5.10","1.11.2",NULL
"NPM","rgrid","0.5.12","2018-11-15 09:44:45","dojo","1.11.2","1.11.2","2016-06-10 09:27:48","0.5.11","1.11.2",NULL
"NPM","rgrid","0.5.13","2018-11-15 15:57:19","dojo","1.11.2","1.11.2","2016-06-10 09:27:48","0.5.12","1.11.2",NULL
"NPM","rgrid","0.5.14","2018-11-16 11:07:49","dojo","1.11.2","1.11.2","2016-06-10 09:27:48","0.5.13","1.11.2",NULL
"NPM","rgrid","0.5.15","2018-11-16 19:43:43","dojo","1.11.2","1.11.2","2016-06-10 09:27:48","0.5.14","1.11.2",NULL
"NPM","rgrid","0.5.16","2018-11-19 11:34:24","dojo","1.11.2","1.11.2","2016-06-10 09:27:48","0.5.15","1.11.2",NULL
"NPM","rgrid","0.5.17","2018-11-21 19:18:42","dojo","1.11.2","1.11.2","2016-06-10 09:27:48","0.5.16","1.11.2",NULL
"NPM","rgrid","0.5.18","2018-11-22 10:28:29","dojo","1.11.2","1.11.2","2016-06-10 09:27:48","0.5.17","1.11.2",NULL
"NPM","rgrid","0.5.19","2018-11-22 10:58:11","dojo","1.11.2","1.11.2","2016-06-10 09:27:48","0.5.18","1.11.2",NULL
"NPM","rgrid","0.5.20","2018-11-22 11:15:52","dojo","1.11.2","1.11.2","2016-06-10 09:27:48","0.5.19","1.11.2",NULL
"NPM","rgrid","0.5.21","2018-11-22 11:28:25","dojo","1.11.2","1.11.2","2016-06-10 09:27:48","0.5.20","1.11.2",NULL
"NPM","rgrid","0.5.22","2018-11-22 11:38:46","dojo","1.11.2","1.11.2","2016-06-10 09:27:48","0.5.21","1.11.2",NULL
"NPM","rgrid","0.5.23","2018-11-22 11:44:32","dojo","1.11.2","1.11.2","2016-06-10 09:27:48","0.5.22","1.11.2",NULL
"NPM","rgrid","0.5.24","2018-11-22 16:14:25","dojo","1.11.2","1.11.2","2016-06-10 09:27:48","0.5.23","1.11.2",NULL
"NPM","sld","0.2.2","2020-04-08 06:22:00","dojo","^1.16.2","1.17.3","2022-08-13 13:37:12",NULL,NULL,NULL
"NPM","summer-mvc","1.1.3","2017-11-21 05:17:59","dojo","^1.12.2","1.13.0","2017-09-26 21:20:02",NULL,NULL,NULL
"NPM","summer-mvc","1.1.4","2017-11-21 05:22:13","dojo","^1.12.2","1.13.0","2017-09-26 21:20:02","1.1.3","1.13.0",NULL
"NPM","summer-mvc","1.1.5","2017-11-21 05:27:09","dojo","^1.12.2","1.13.0","2017-09-26 21:20:02","1.1.4","1.13.0",NULL
"NPM","summer-mvc","1.1.6","2017-11-21 05:30:04","dojo","^1.12.2","1.13.0","2017-09-26 21:20:02","1.1.5","1.13.0",NULL
"NPM","summer-mvc","1.1.7","2017-11-21 05:33:47","dojo","^1.12.2","1.13.0","2017-09-26 21:20:02","1.1.6","1.13.0",NULL
"NPM","summer-mvc","2.0.0","2017-11-21 05:35:51","dojo","^1.12.2","1.13.0","2017-09-26 21:20:02","1.1.7","1.13.0",NULL
"NPM","summer-mvc","2.0.1","2018-03-05 05:45:00","dojo","^1.12.2","1.13.0","2017-09-26 21:20:02","2.0.0","1.13.0",NULL
"NPM","summer-mvc","2.1.0","2018-04-10 03:02:56","dojo","^1.12.2","1.13.0","2017-09-26 21:20:02","2.0.1","1.13.0",NULL
"NPM","summer-mvc","2.1.2","2018-04-11 00:14:16","dojo","^1.12.2","1.13.0","2017-09-26 21:20:02","2.1.0","1.13.0",NULL
"NPM","summer-mvc","2.1.3","2018-04-11 04:22:23","dojo","^1.12.2","1.13.0","2017-09-26 21:20:02","2.1.2","1.13.0",NULL
"NPM","summer-mvc","2.1.4","2018-05-04 02:13:26","dojo","^1.12.2","1.13.0","2017-09-26 21:20:02","2.1.3","1.13.0",NULL
"NPM","summer-mvc","2.1.5","2018-05-04 02:43:35","dojo","^1.12.2","1.17.3","2022-08-13 13:37:12","2.1.4","1.13.0","-101 days -01:52:58"
